hexmake,hexmake,3bf6d4aad899,115.99,164MiB,7.78GiB,2.06,19.7kB,592kB,0B,0B,4,2020-09-29 14:06:22,Connection - 1
hexmake,hexmake,3bf6d4aad899,75.94,173.4MiB,7.78GiB,2.18,41.1kB,1.42MB,0B,0B,4,2020-09-29 14:06:28,Connection - 2
hexmake,hexmake,3bf6d4aad899,84.72,173.6MiB,7.78GiB,2.18,60.5kB,2.01MB,0B,0B,4,2020-09-29 14:06:35,Connection - 3
hexmake,hexmake,3bf6d4aad899,83.97,174MiB,7.78GiB,2.18,81.4kB,2.84MB,0B,0B,4,2020-09-29 14:06:42,Connection - 4
hexmake,hexmake,3bf6d4aad899,0.11,174MiB,7.78GiB,2.18,81.4kB,2.84MB,0B,0B,4,2020-09-29 14:06:45,Clicking on Name - 1
hexmake,hexmake,3bf6d4aad899,0.08,174MiB,7.78GiB,2.18,81.4kB,2.84MB,0B,0B,4,2020-09-29 14:06:47,Clicking on Name - 2
hexmake,hexmake,3bf6d4aad899,0.1,174MiB,7.78GiB,2.18,81.4kB,2.84MB,0B,0B,4,2020-09-29 14:06:50,Clicking on Name - 3
hexmake,hexmake,3bf6d4aad899,0.08,174MiB,7.78GiB,2.18,81.4kB,2.84MB,0B,0B,4,2020-09-29 14:06:53,Clicking on Name - 4
hexmake,hexmake,3bf6d4aad899,90.96,178.7MiB,7.78GiB,2.24,81.8kB,2.84MB,0B,0B,4,2020-09-29 14:06:55,Changin pkg name - 1
hexmake,hexmake,3bf6d4aad899,22.97,178.7MiB,7.78GiB,2.24,82.9kB,2.96MB,0B,0B,4,2020-09-29 14:06:58,Changin pkg name - 2
hexmake,hexmake,3bf6d4aad899,83.4,178.7MiB,7.78GiB,2.24,85kB,3.18MB,0B,0B,4,2020-09-29 14:07:01,Changin pkg name - 3
hexmake,hexmake,3bf6d4aad899,36.41,178.7MiB,7.78GiB,2.24,86.1kB,3.3MB,0B,0B,4,2020-09-29 14:07:03,Changin pkg name - 4
hexmake,hexmake,3bf6d4aad899,113.13,562.1MiB,7.78GiB,7.06,92.7kB,3.41MB,0B,0B,4,2020-09-29 14:07:11,gremlins - 1
hexmake,hexmake,3bf6d4aad899,113.69,562.3MiB,7.78GiB,7.06,97.4kB,3.41MB,0B,0B,4,2020-09-29 14:07:19,gremlins - 2
hexmake,hexmake,3bf6d4aad899,118.9,562.3MiB,7.78GiB,7.06,104kB,3.42MB,0B,0B,4,2020-09-29 14:07:27,gremlins - 3
hexmake,hexmake,3bf6d4aad899,106.73,562.3MiB,7.78GiB,7.06,107kB,3.42MB,0B,0B,4,2020-09-29 14:07:34,gremlins - 4
